Workbook

Sheet Dashboard
B2: ⚡ ENERGY CONSUMPTION DASHBOARD
B4: ติดตามผลการลดการใช้พลังงาน : เป้าหมายลด 10% เทียบกับปี 2568 | คณะสาธารณสุขศาสตร์ มหาวิทยาลัยนเรศวร
B6: 🎯 เป้าหมายรวมทั้งปี | F6: ⚡ ใช้จริงสะสม | J6: 📉 ผลต่างสะสม VS ค่าเป้าหมายสะสม
B7: ='Energy Data'!B14 -> 634800 | F7: ='Energy Data'!C14 -> 369990 | J7: =SUMPRODUCT(('Energy Data'!C2:C13<>"")*('Energy Data'!C2:C13-'Energy Data'!B2:B13)) -> 38520
B11: ✅ เดือนที่บรรลุเป้า | F11: 🔥 เดือนใช้ไฟสูงสุด | J11: 📅 เดือนล่าสุด
B12: =COUNTIF('Energy Data'!F2:F13,"✓ บรรลุเป้า")&" / "&COUNT('Energy Data'!C2:C13)&" เดือน" -> 1 / 7 เดือน | F12: =IFERROR(INDEX('Energy Data'!A2:A13,MATCH(MAX('Energy Data'!C2:C13),'Energy Data'!C2:C13,0)),"-") -> ตุลาคม | J12: =IFERROR(INDEX('Energy Data'!A2:A13,COUNT('Energy Data'!C2:C13)),"-") -> เมษายน
B16: 📈 เปรียบเทียบเป้าหมายและปริมาณจริงรายเดือน
B40: ⭐ Control Chart | UCL = 67,870 • CL = 52,900 • LCL = 31,660
B66: 📋 ตารางสรุปผลการดำเนินงาน 12 เดือน
B67: เดือน | C67: เป้าหมาย | D67: ปริมาณจริง | E67: ผลต่าง | F67: % ผลต่าง | G67: สถานะ + UCL/LCL | J67: กิจกรรมการดำเนินงาน
B68: ='Energy Data'!A2 -> ตุลาคม | C68: ='Energy Data'!B2 -> 64090 | D68: =IF('Energy Data'!C2="","-",'Energy Data'!C2) -> 64651 | E68: =IF('Energy Data'!D2="","-",'Energy Data'!D2) -> 561 | F68: =IF('Energy Data'!E2="","-",'Energy Data'!E2) -> 0.0087533156 | G68: ='Energy Data'!F2&IF(AND('Energy Data'!C2<>"",'Energy Data'!C2>'Energy Data'!G2)," ⚠ เกิน UCL",IF(AND('Energy Data'!C2<>"",'Energy Data'!C2<'Energy Data'!I2)," ↓ ต่ำกว่า LCL","")) -> ✗ เกินเป้า | J68: =IF('Energy Data'!J2="","",'Energy Data'!J2) -> ตรวจสอบระบบปรับอากาศ ปรับอุณหภูมิ 25°C
B69: ='Energy Data'!A3 -> พฤศจิกายน | C69: ='Energy Data'!B3 -> 48020 | D69: =IF('Energy Data'!C3="","-",'Energy Data'!C3) -> 46920 | E69: =IF('Energy Data'!D3="","-",'Energy Data'!D3) -> -1100 | F69: =IF('Energy Data'!E3="","-",'Energy Data'!E3) -> -0.022907122 | G69: ='Energy Data'!F3&IF(AND('Energy Data'!C3<>"",'Energy Data'!C3>'Energy Data'!G3)," ⚠ เกิน UCL",IF(AND('Energy Data'!C3<>"",'Energy Data'!C3<'Energy Data'!I3)," ↓ ต่ำกว่า LCL","")) -> ✓ บรรลุเป้า | J69: =IF('Energy Data'!J3="","",'Energy Data'!J3) -> รณรงค์เรื่องการประหยัดพลังงาน
B70: ='Energy Data'!A4 -> ธันวาคม | C70: ='Energy Data'!B4 -> 38800 | D70: =IF('Energy Data'!C4="","-",'Energy Data'!C4) -> 47464 | E70: =IF('Energy Data'!D4="","-",'Energy Data'!D4) -> 8664 | F70: =IF('Energy Data'!E4="","-",'Energy Data'!E4) -> 0.22329897 | G70: ='Energy Data'!F4&IF(AND('Energy Data'!C4<>"",'Energy Data'!C4>'Energy Data'!G4)," ⚠ เกิน UCL",IF(AND('Energy Data'!C4<>"",'Energy Data'!C4<'Energy Data'!I4)," ↓ ต่ำกว่า LCL","")) -> ✗ เกินเป้า | J70: =IF('Energy Data'!J4="","",'Energy Data'!J4) -> เปลี่ยนหลอดไฟ LED ในพื้นที่สำนักงาน
B71: ='Energy Data'!A5 -> มกราคม | C71: ='Energy Data'!B5 -> 31660 | D71: =IF('Energy Data'!C5="","-",'Energy Data'!C5) -> 33709 | E71: =IF('Energy Data'!D5="","-",'Energy Data'!D5) -> 2049 | F71: =IF('Energy Data'!E5="","-",'Energy Data'!E5) -> 0.064718888 | G71: ='Energy Data'!F5&IF(AND('Energy Data'!C5<>"",'Energy Data'!C5>'Energy Data'!G5)," ⚠ เกิน UCL",IF(AND('Energy Data'!C5<>"",'Energy Data'!C5<'Energy Data'!I5)," ↓ ต่ำกว่า LCL","")) -> ✗ เกินเป้า | J71: =IF('Energy Data'!J5="","",'Energy Data'!J5) -> ติดตั้ง Sensor ตรวจจับการเคลื่อนไหว
B72: ='Energy Data'!A6 -> กุมภาพันธ์ | C72: ='Energy Data'!B6 -> 46900 | D72: =IF('Energy Data'!C6="","-",'Energy Data'!C6) -> 62174 | E72: =IF('Energy Data'!D6="","-",'Energy Data'!D6) -> 15274 | F72: =IF('Energy Data'!E6="","-",'Energy Data'!E6) -> 0.32567164 | G72: ='Energy Data'!F6&IF(AND('Energy Data'!C6<>"",'Energy Data'!C6>'Energy Data'!G6)," ⚠ เกิน UCL",IF(AND('Energy Data'!C6<>"",'Energy Data'!C6<'Energy Data'!I6)," ↓ ต่ำกว่า LCL","")) -> ✗ เกินเป้า | J72: =IF('Energy Data'!J6="","",'Energy Data'!J6) -> บำรุงรักษาระบบปรับอากาศ ตรวจสอบ Compressor
B73: ='Energy Data'!A7 -> มีนาคม | C73: ='Energy Data'!B7 -> 55500 | D73: =IF('Energy Data'!C7="","-",'Energy Data'!C7) -> 59072 | E73: =IF('Energy Data'!D7="","-",'Energy Data'!D7) -> 3572 | F73: =IF('Energy Data'!E7="","-",'Energy Data'!E7) -> 0.06436036 | G73: ='Energy Data'!F7&IF(AND('Energy Data'!C7<>"",'Energy Data'!C7>'Energy Data'!G7)," ⚠ เกิน UCL",IF(AND('Energy Data'!C7<>"",'Energy Data'!C7<'Energy Data'!I7)," ↓ ต่ำกว่า LCL","")) -> ✗ เกินเป้า | J73: =IF('Energy Data'!J7="","",'Energy Data'!J7) -> ประกาศมาตรการประหยัดพลังงานในสถานการณ์ราคาน้ำมันผันผวน
B74: ='Energy Data'!A8 -> เมษายน | C74: ='Energy Data'!B8 -> 46500 | D74: =IF('Energy Data'!C8="","-",'Energy Data'!C8) -> 56000 | E74: =IF('Energy Data'!D8="","-",'Energy Data'!D8) -> 9500 | F74: =IF('Energy Data'!E8="","-",'Energy Data'!E8) -> 0.20430108 | G74: ='Energy Data'!F8&IF(AND('Energy Data'!C8<>"",'Energy Data'!C8>'Energy Data'!G8)," ⚠ เกิน UCL",IF(AND('Energy Data'!C8<>"",'Energy Data'!C8<'Energy Data'!I8)," ↓ ต่ำกว่า LCL","")) -> ✗ เกินเป้า | J74: =IF('Energy Data'!J8="","",'Energy Data'!J8) -> รณรงค์ปิดไฟ-เครื่องปรับอากาศพักเที่ยง
B75: ='Energy Data'!A9 -> พฤษภาคม | C75: ='Energy Data'!B9 -> 45800 | D75: =IF('Energy Data'!C9="","-",'Energy Data'!C9) -> - | E75: =IF('Energy Data'!D9="","-",'Energy Data'!D9) -> - | F75: =IF('Energy Data'!E9="","-",'Energy Data'!E9) -> - | G75: ='Energy Data'!F9&IF(AND('Energy Data'!C9<>"",'Energy Data'!C9>'Energy Data'!G9)," ⚠ เกิน UCL",IF(AND('Energy Data'!C9<>"",'Energy Data'!C9<'Energy Data'!I9)," ↓ ต่ำกว่า LCL","")) -> รอข้อมูล | J75: =IF('Energy Data'!J9="","",'Energy Data'!J9)
B76: ='Energy Data'!A10 -> มิถุนายน | C76: ='Energy Data'!B10 -> 58000 | D76: =IF('Energy Data'!C10="","-",'Energy Data'!C10) -> - | E76: =IF('Energy Data'!D10="","-",'Energy Data'!D10) -> - | F76: =IF('Energy Data'!E10="","-",'Energy Data'!E10) -> - | G76: ='Energy Data'!F10&IF(AND('Energy Data'!C10<>"",'Energy Data'!C10>'Energy Data'!G10)," ⚠ เกิน UCL",IF(AND('Energy Data'!C10<>"",'Energy Data'!C10<'Energy Data'!I10)," ↓ ต่ำกว่า LCL","")) -> รอข้อมูล | J76: =IF('Energy Data'!J10="","",'Energy Data'!J10)
B77: ='Energy Data'!A11 -> กรกฎาคม | C77: ='Energy Data'!B11 -> 67760 | D77: =IF('Energy Data'!C11="","-",'Energy Data'!C11) -> - | E77: =IF('Energy Data'!D11="","-",'Energy Data'!D11) -> - | F77: =IF('Energy Data'!E11="","-",'Energy Data'!E11) -> - | G77: ='Energy Data'!F11&IF(AND('Energy Data'!C11<>"",'Energy Data'!C11>'Energy Data'!G11)," ⚠ เกิน UCL",IF(AND('Energy Data'!C11<>"",'Energy Data'!C11<'Energy Data'!I11)," ↓ ต่ำกว่า LCL","")) -> รอข้อมูล | J77: =IF('Energy Data'!J11="","",'Energy Data'!J11)
B78: ='Energy Data'!A12 -> สิงหาคม | C78: ='Energy Data'!B12 -> 63900 | D78: =IF('Energy Data'!C12="","-",'Energy Data'!C12) -> - | E78: =IF('Energy Data'!D12="","-",'Energy Data'!D12) -> - | F78: =IF('Energy Data'!E12="","-",'Energy Data'!E12) -> - | G78: ='Energy Data'!F12&IF(AND('Energy Data'!C12<>"",'Energy Data'!C12>'Energy Data'!G12)," ⚠ เกิน UCL",IF(AND('Energy Data'!C12<>"",'Energy Data'!C12<'Energy Data'!I12)," ↓ ต่ำกว่า LCL","")) -> รอข้อมูล | J78: =IF('Energy Data'!J12="","",'Energy Data'!J12)
B79: ='Energy Data'!A13 -> กันยายน | C79: ='Energy Data'!B13 -> 67870 | D79: =IF('Energy Data'!C13="","-",'Energy Data'!C13) -> - | E79: =IF('Energy Data'!D13="","-",'Energy Data'!D13) -> - | F79: =IF('Energy Data'!E13="","-",'Energy Data'!E13) -> - | G79: ='Energy Data'!F13&IF(AND('Energy Data'!C13<>"",'Energy Data'!C13>'Energy Data'!G13)," ⚠ เกิน UCL",IF(AND('Energy Data'!C13<>"",'Energy Data'!C13<'Energy Data'!I13)," ↓ ต่ำกว่า LCL","")) -> รอข้อมูล | J79: =IF('Energy Data'!J13="","",'Energy Data'!J13)
B80: รวม | C80: ='Energy Data'!B14 -> 634800 | D80: ='Energy Data'!C14 -> 369990 | E80: =D80-C80 -> -264810 | F80: =IFERROR((D80-C80)/C80,0) -> -0.41715501 | G80: =COUNTIF(G68:G79,"*✓ บรรลุเป้า*")&" บรรลุ / "&COUNTIF(G68:G79,"*✗ เกินเป้า*")&" เกิน" -> 1 บรรลุ / 6 เกิน | J80: รวมกิจกรรมทั้งปี
B82: 💡 กรอกข้อมูล 'ปริมาณจริง (kWh)' ในชีท 'Energy Data' คอลัมน์ C → Dashboard อัปเดตอัตโนมัติ
B83: =("อัปเดตล่าสุด: "&TEXT(TODAY(),"d mmm yyyy")) -> อัปเดตล่าสุด: 7 พ.ค. 2026

Sheet Energy Data
A1: เดือน | B1: เป้าหมาย (kWh) | C1: ปริมาณจริง (kWh) | D1: ผลต่าง (kWh) | E1: % ผลต่าง | F1: สถานะ | G1: Upper Control Limit - UCL | H1: Center Line - CL | I1: Lower Control Limit - LCL | J1: กิจกรรมการดำเนินงาน
A2: ตุลาคม | B2: 64090 | C2: 64651 | D2: =IF(C2="","",C2-B2) -> 561 | E2: =IF(OR(C2="",B2=0),"",(C2-B2)/B2) -> 0.0087533156 | F2: =IF(C2="","รอข้อมูล",IF(C2<=B2,"✓ บรรลุเป้า","✗ เกินเป้า")) -> ✗ เกินเป้า | G2: 67870 | H2: 52900 | I2: 31660 | J2: ตรวจสอบระบบปรับอากาศ ปรับอุณหภูมิ 25°C
A3: พฤศจิกายน | B3: 48020 | C3: 46920 | D3: =IF(C3="","",C3-B3) -> -1100 | E3: =IF(OR(C3="",B3=0),"",(C3-B3)/B3) -> -0.022907122 | F3: =IF(C3="","รอข้อมูล",IF(C3<=B3,"✓ บรรลุเป้า","✗ เกินเป้า")) -> ✓ บรรลุเป้า | G3: 67870 | H3: 52900 | I3: 31660 | J3: รณรงค์เรื่องการประหยัดพลังงาน
A4: ธันวาคม | B4: 38800 | C4: 47464 | D4: =IF(C4="","",C4-B4) -> 8664 | E4: =IF(OR(C4="",B4=0),"",(C4-B4)/B4) -> 0.22329897 | F4: =IF(C4="","รอข้อมูล",IF(C4<=B4,"✓ บรรลุเป้า","✗ เกินเป้า")) -> ✗ เกินเป้า | G4: 67870 | H4: 52900 | I4: 31660 | J4: เปลี่ยนหลอดไฟ LED ในพื้นที่สำนักงาน
A5: มกราคม | B5: 31660 | C5: 33709 | D5: =IF(C5="","",C5-B5) -> 2049 | E5: =IF(OR(C5="",B5=0),"",(C5-B5)/B5) -> 0.064718888 | F5: =IF(C5="","รอข้อมูล",IF(C5<=B5,"✓ บรรลุเป้า","✗ เกินเป้า")) -> ✗ เกินเป้า | G5: 67870 | H5: 52900 | I5: 31660 | J5: ติดตั้ง Sensor ตรวจจับการเคลื่อนไหว
A6: กุมภาพันธ์ | B6: 46900 | C6: 62174 | D6: =IF(C6="","",C6-B6) -> 15274 | E6: =IF(OR(C6="",B6=0),"",(C6-B6)/B6) -> 0.32567164 | F6: =IF(C6="","รอข้อมูล",IF(C6<=B6,"✓ บรรลุเป้า","✗ เกินเป้า")) -> ✗ เกินเป้า | G6: 67870 | H6: 52900 | I6: 31660 | J6: บำรุงรักษาระบบปรับอากาศ ตรวจสอบ Compressor
A7: มีนาคม | B7: 55500 | C7: 59072 | D7: =IF(C7="","",C7-B7) -> 3572 | E7: =IF(OR(C7="",B7=0),"",(C7-B7)/B7) -> 0.06436036 | F7: =IF(C7="","รอข้อมูล",IF(C7<=B7,"✓ บรรลุเป้า","✗ เกินเป้า")) -> ✗ เกินเป้า | G7: 67870 | H7: 52900 | I7: 31660 | J7: ประกาศมาตรการประหยัดพลังงานในสถานการณ์ราคาน้ำมันผันผวน
A8: เมษายน | B8: 46500 | C8: 56000 | D8: =IF(C8="","",C8-B8) -> 9500 | E8: =IF(OR(C8="",B8=0),"",(C8-B8)/B8) -> 0.20430108 | F8: =IF(C8="","รอข้อมูล",IF(C8<=B8,"✓ บรรลุเป้า","✗ เกินเป้า")) -> ✗ เกินเป้า | G8: 67870 | H8: 52900 | I8: 31660 | J8: รณรงค์ปิดไฟ-เครื่องปรับอากาศพักเที่ยง
A9: พฤษภาคม | B9: 45800 | D9: =IF(C9="","",C9-B9) | E9: =IF(OR(C9="",B9=0),"",(C9-B9)/B9) | F9: =IF(C9="","รอข้อมูล",IF(C9<=B9,"✓ บรรลุเป้า","✗ เกินเป้า")) -> รอข้อมูล | G9: 67870 | H9: 52900 | I9: 31660
A10: มิถุนายน | B10: 58000 | D10: =IF(C10="","",C10-B10) | E10: =IF(OR(C10="",B10=0),"",(C10-B10)/B10) | F10: =IF(C10="","รอข้อมูล",IF(C10<=B10,"✓ บรรลุเป้า","✗ เกินเป้า")) -> รอข้อมูล | G10: 67870 | H10: 52900 | I10: 31660
A11: กรกฎาคม | B11: 67760 | D11: =IF(C11="","",C11-B11) | E11: =IF(OR(C11="",B11=0),"",(C11-B11)/B11) | F11: =IF(C11="","รอข้อมูล",IF(C11<=B11,"✓ บรรลุเป้า","✗ เกินเป้า")) -> รอข้อมูล | G11: 67870 | H11: 52900 | I11: 31660
A12: สิงหาคม | B12: 63900 | D12: =IF(C12="","",C12-B12) | E12: =IF(OR(C12="",B12=0),"",(C12-B12)/B12) | F12: =IF(C12="","รอข้อมูล",IF(C12<=B12,"✓ บรรลุเป้า","✗ เกินเป้า")) -> รอข้อมูล | G12: 67870 | H12: 52900 | I12: 31660
A13: กันยายน | B13: 67870 | D13: =IF(C13="","",C13-B13) | E13: =IF(OR(C13="",B13=0),"",(C13-B13)/B13) | F13: =IF(C13="","รอข้อมูล",IF(C13<=B13,"✓ บรรลุเป้า","✗ เกินเป้า")) -> รอข้อมูล | G13: 67870 | H13: 52900 | I13: 31660
A14: รวมทั้งปี | B14: =SUM(B2:B13) -> 634800 | C14: =SUM(C2:C13) -> 369990 | D14: =C14-B14 -> -264810 | E14: =IFERROR((C14-B14)/B14,0) -> -0.41715501 | F14: ="เดือนที่มีข้อมูล: "&COUNT(C2:C13) -> เดือนที่มีข้อมูล: 7 | J14: ผลรวมทั้งปีงบประมาณ
A15: ค่าเฉลี่ย/เดือน | B15: =AVERAGE(B2:B13) -> 52900 | C15: =IFERROR(AVERAGE(C2:C13),0) -> 52855.714 | D15: =C15-B15 -> -44.285714 | E15: =IFERROR((C15-B15)/B15,0) -> -0.00083715906 | J15: ค่าเฉลี่ยต่อเดือน
A17: 📊 ค่าควบคุม (Control Limits)
A18: Upper Control Limit - UCL | B18: 67870 | J18: ค่าคงที่จากการคำนวณ Control Chart 3 ปีย้อนหลัง
A19: Center Line - CL | B19: 52900 | J19: ค่าคงที่ (ค่ากลาง)
A20: Lower Control Limit - LCL | B20: 31660 | J20: ค่าคงที่จากการคำนวณ Control Chart 3 ปีย้อนหลัง
A21: Standard Deviation | B21: =ROUND(STDEV(B2:B13),0) -> 11775 | J21: ส่วนเบี่ยงเบนมาตรฐาน
A22: เป้าหมายทั้งปี | B22: =B14 -> 634800 | J22: kWh (ลด 10% จากปี 2568)

Sheet คำนวณ CL
A1: 📐 การคำนวณ Control Limits จากข้อมูลย้อนหลัง 3 ปี | I1: A2 (n=3)
A2: เดือน | B2: ปี 2566 | C2: ปี 2567 | D2: ปี 2568 | E2: Mean (X̄) | F2: Range (R) | G2: UCL | H2: LCL | I2: 1.023
A3: ตุลาคม | B3: 72558 | C3: 61836 | D3: 71213 | E3: =AVERAGE(B3:D3) -> 68535.667 | F3: =MAX(B3:D3)-MIN(B3:D3) -> 10722 | G3: =$E$17+$I$2*$F$17 -> 68554.656 | H3: =MAX($E$17-$I$2*$F$17,0) -> 47411.122
A4: พฤศจิกายน | B4: 44327 | C4: 54285 | D4: 53360 | E4: =AVERAGE(B4:D4) -> 50657.333 | F4: =MAX(B4:D4)-MIN(B4:D4) -> 9958 | G4: =$E$17+$I$2*$F$17 -> 68554.656 | H4: =MAX($E$17-$I$2*$F$17,0) -> 47411.122
A5: ธันวาคม | B5: 39605 | C5: 51115 | D5: 43115 | E5: =AVERAGE(B5:D5) -> 44611.667 | F5: =MAX(B5:D5)-MIN(B5:D5) -> 11510 | G5: =$E$17+$I$2*$F$17 -> 68554.656 | H5: =MAX($E$17-$I$2*$F$17,0) -> 47411.122
A6: มกราคม | B6: 48600 | C6: 47013 | D6: 35179 | E6: =AVERAGE(B6:D6) -> 43597.333 | F6: =MAX(B6:D6)-MIN(B6:D6) -> 13421 | G6: =$E$17+$I$2*$F$17 -> 68554.656 | H6: =MAX($E$17-$I$2*$F$17,0) -> 47411.122
A7: กุมภาพันธ์ | B7: 38222 | C7: 60584 | D7: 52192 | E7: =AVERAGE(B7:D7) -> 50332.667 | F7: =MAX(B7:D7)-MIN(B7:D7) -> 22362 | G7: =$E$17+$I$2*$F$17 -> 68554.656 | H7: =MAX($E$17-$I$2*$F$17,0) -> 47411.122
A8: มีนาคม | B8: 56059 | C8: 68817 | D8: 61632 | E8: =AVERAGE(B8:D8) -> 62169.333 | F8: =MAX(B8:D8)-MIN(B8:D8) -> 12758 | G8: =$E$17+$I$2*$F$17 -> 68554.656 | H8: =MAX($E$17-$I$2*$F$17,0) -> 47411.122
A9: เมษายน | B9: 42145 | C9: 51525 | D9: 51667 | E9: =AVERAGE(B9:D9) -> 48445.667 | F9: =MAX(B9:D9)-MIN(B9:D9) -> 9522 | G9: =$E$17+$I$2*$F$17 -> 68554.656 | H9: =MAX($E$17-$I$2*$F$17,0) -> 47411.122
A10: พฤษภาคม | B10: 47620 | C10: 47350 | D10: 50883 | E10: =AVERAGE(B10:D10) -> 48617.667 | F10: =MAX(B10:D10)-MIN(B10:D10) -> 3533 | G10: =$E$17+$I$2*$F$17 -> 68554.656 | H10: =MAX($E$17-$I$2*$F$17,0) -> 47411.122
A11: มิถุนายน | B11: 59371 | C11: 60762 | D11: 64393 | E11: =AVERAGE(B11:D11) -> 61508.667 | F11: =MAX(B11:D11)-MIN(B11:D11) -> 5022 | G11: =$E$17+$I$2*$F$17 -> 68554.656 | H11: =MAX($E$17-$I$2*$F$17,0) -> 47411.122
A12: กรกฎาคม | B12: 68310 | C12: 75417 | D12: 75290 | E12: =AVERAGE(B12:D12) -> 73005.667 | F12: =MAX(B12:D12)-MIN(B12:D12) -> 7107 | G12: =$E$17+$I$2*$F$17 -> 68554.656 | H12: =MAX($E$17-$I$2*$F$17,0) -> 47411.122
A13: สิงหาคม | B13: 64954 | C13: 74411 | D13: 70991 | E13: =AVERAGE(B13:D13) -> 70118.667 | F13: =MAX(B13:D13)-MIN(B13:D13) -> 9457 | G13: =$E$17+$I$2*$F$17 -> 68554.656 | H13: =MAX($E$17-$I$2*$F$17,0) -> 47411.122
A14: กันยายน | B14: 69268 | C14: 77905 | D14: 75410 | E14: =AVERAGE(B14:D14) -> 74194.333 | F14: =MAX(B14:D14)-MIN(B14:D14) -> 8637 | G14: =$E$17+$I$2*$F$17 -> 68554.656 | H14: =MAX($E$17-$I$2*$F$17,0) -> 47411.122
A15: รวม | B15: =SUM(B3:B14) -> 651039 | C15: =SUM(C3:C14) -> 731020 | D15: =SUM(D3:D14) -> 705325 | E15: =SUM(E3:E14) -> 695794.67 | F15: =SUM(F3:F14) -> 124009
A16: ค่าเฉลี่ย | B16: =AVERAGE(B3:B14) -> 54253.25 | C16: =AVERAGE(C3:C14) -> 60918.333 | D16: =AVERAGE(D3:D14) -> 58777.083 | E16: =AVERAGE(E3:E14) -> 57982.889 | F16: =AVERAGE(F3:F14) -> 10334.083
A17: X̄ (Grand Mean) | R̄ | E17: =AVERAGE(E3:E14) -> 57982.889 | F17: =AVERAGE(F3:F14) -> 10334.083
A19: 📝 สูตรการคำนวณ:
A20: • Mean (X̄) = ค่าเฉลี่ยของข้อมูล 3 ปี ในแต่ละเดือน
A21: • Range (R) = Max − Min ของข้อมูล 3 ปี ในแต่ละเดือน
A22: • Grand Mean (X̄̄) = ค่าเฉลี่ยของ Mean ทุกเดือน
A23: • R̄ = ค่าเฉลี่ยของ Range ทุกเดือน
A24: • A2 = 1.023 (ค่าคงที่สำหรับ n=3 ตาม Statistical Control Chart)
A25: • Upper Control Limit - UCL = X̄̄ + (A2 × R̄)
A26: • Center Line - CL = X̄̄ (ค่ากลาง)
A27: • Lower Control Limit - LCL = X̄̄ − (A2 × R̄)
A28: • ถ้าค่าจริงตกนอกช่วง UCL-LCL = ผิดปกติ ควรหาสาเหตุและแก้ไข
A29: 📐 ค่าควบคุมที่ใช้จริงใน Dashboard
A30: Upper Control Limit - UCL | F30: 67870
A31: Center Line - CL | F31: 52900
A32: Lower Control Limit - LCL | F32: 31660

Sheet คำแนะนำ Real-time
B2: 🔗 วิธีเชื่อม Google Sheets แบบ Real-time
B5: ▶ ขั้นตอนที่ 1: อัปโหลดไฟล์เข้า Google Sheets
B6: 1.1 เปิด https://drive.google.com แล้วล็อกอินด้วยบัญชี Google
B7: 1.2 คลิก "+ ใหม่" / "+ New" → "อัปโหลดไฟล์" → เลือกไฟล์ Energy_Dashboard.xlsx
B8: 1.3 คลิกขวาที่ไฟล์ → "เปิดด้วย" → "Google Sheets"
B9: 1.4 ระบบจะแปลงเป็น Google Sheets อัตโนมัติ - สูตรและกราฟทำงานทันที
B11: ▶ ขั้นตอนที่ 2: ตั้งค่าการแชร์เพื่อให้ Dashboard อ่านข้อมูลได้
B12: 2.1 คลิกปุ่ม "แชร์" / "Share" สีเขียวมุมขวาบน
B13: 2.2 ในส่วน "การเข้าถึงทั่วไป" / "General access"
B14: 2.3 เปลี่ยนจาก "จำกัด" เป็น "ทุกคนที่มีลิงก์" (Anyone with the link)
B15: 2.4 ตั้งสิทธิ์เป็น "ผู้ดู" (Viewer) — ห้ามเป็น Editor!
B16: 2.5 คลิก "คัดลอกลิงก์" / "Copy link" แล้วคลิก "เสร็จสิ้น"
... B37: ! ตรวจสอบว่าตั้งค่าแชร์เป็น "Anyone with the link, Viewer" แล้ว
